18.0,17.9682478278,491.0,79428.0
18.05,18.0181449756,466.0,79418.0
18.1,18.0681362766,483.0,79386.0
18.15,18.1179474584,513.0,79331.0
18.2,18.1678343721,475.0,79301.0
18.25,18.2175391197,468.0,79299.0
18.3,18.2671394799,478.0,79301.0
18.35,18.3166170315,493.0,79259.0
18.4,18.3660823023,545.0,79266.0
18.45,18.4156621944,472.0,79213.0
18.5,18.4657844913,504.0,79628.0
18.55,18.5162588397,500.0,79574.0
18.6,18.5666861114,478.0,79551.0
18.65,18.6169066552,478.0,79577.0
18.7,18.6671701821,493.0,79534.0
18.75,18.7172965726,474.0,79521.0
18.8,18.7674004483,492.0,79526.0
18.85,18.817567775,486.0,79529.0
18.9,18.8677739912,516.0,79641.0
18.95,18.9178266966,496.0,79739.0
19.0,18.9678671211,519.0,79672.0
19.05,19.0178584221,434.0,79649.0
19.1,19.0677965061,483.0,79643.0
19.15,19.1176179219,451.0,79602.0
19.2,19.1675253037,475.0,79582.0
19.25,19.2172013959,521.0,79566.0
19.3,19.2668385988,479.0,79551.0
19.35,19.3163611802,485.0,79504.0
19.4,19.3659042297,473.0,79444.0
19.45,19.4154513729,523.0,79569.0
19.5,19.4655511549,489.0,79647.0
19.55,19.5159620521,499.0,79632.0
19.6,19.5664097919,473.0,79601.0
19.65,19.6166057741,478.0,79576.0
19.7,19.6669634542,513.0,79509.0
19.75,19.7170182064,509.0,79459.0
19.8,19.7672326098,471.0,79441.0
19.85,19.817330345,488.0,79413.0
19.9,19.8675836378,507.0,79391.0
19.95,19.9175790325,489.0,79463.0
20.0,19.9676399251,438.0,79523.0
20.05,20.0175718686,513.0,79472.0
20.1,20.0676204804,463.0,79435.0
20.15,20.1174562238,462.0,79440.0
20.2,20.1673124354,500.0,79405.0
20.25,20.2170028553,494.0,79387.0
20.3,20.2666728071,498.0,79374.0
20.35,20.3161421715,465.0,79353.0
20.4,20.3656688465,491.0,79294.0
20.45,20.4152671599,501.0,79381.0
20.5,20.4653976441,494.0,79556.0
20.55,20.5158331031,510.0,79554.0
20.6,20.5662726556,488.0,79539.0
20.65,20.6165709783,518.0,79521.0
20.7,20.6667833349,532.0,79498.0
20.75,20.7169117722,510.0,79468.0
20.8,20.7670545373,547.0,79443.0
20.85,20.8172075364,486.0,79455.0
20.9,20.8673810036,495.0,79475.0
20.95,20.9174337089,514.0,79435.0
21.0,20.9674434313,510.0,79480.0
21.05,21.0174244983,524.0,79652.0
21.1,21.0674485483,552.0,79665.0
21.15,21.1173088535,496.0,79678.0
21.2,21.1671814395,514.0,79697.0
21.25,21.2168145487,562.0,79689.0
21.3,21.2664947346,531.0,79622.0
21.35,21.3160480182,530.0,79587.0
21.4,21.3655828805,580.0,79618.0
21.45,21.4151218364,538.0,79630.0
21.5,21.4652031971,546.0,79624.0
21.55,21.5156529837,562.0,79766.0
21.6,21.5661334725,601.0,79666.0
21.65,21.6163785781,634.0,79625.0
21.7,21.6666789475,609.0,79642.0
21.75,21.7167787295,577.0,79642.0
21.8,21.766993133,648.0,79653.0
21.85,21.8170949618,641.0,79618.0
21.9,21.8673318801,626.0,79598.0
21.95,21.917302713,639.0,79561.0
22.0,21.9673554184,701.0,79521.0
22.05,22.0173364854,699.0,79673.0
22.1,22.0673932844,725.0,79736.0
22.15,22.1172658705,739.0,79760.0
22.2,22.1671077543,726.0,79651.0
22.25,22.2167961274,712.0,79559.0
22.3,22.2664456111,808.0,79470.0
22.35,22.3159149755,833.0,79448.0
22.4,22.3654211824,868.0,79525.0
22.45,22.4149887937,933.0,79482.0
22.5,22.4651254183,956.0,79452.0
22.55,22.5155874858,1051.0,79500.0
22.6,22.5660352256,1108.0,79722.0
22.65,22.6162373482,1210.0,79681.0
22.7,22.6665172495,1336.0,79652.0
22.75,22.7166456869,1371.0,79626.0
22.8,22.7668150604,1686.0,79558.0
22.85,22.8170089957,1792.0,79488.0
22.9,22.8672274928,2043.0,79494.0
22.95,22.9172781513,2401.0,79485.0
23.0,22.9672694524,2787.0,79520.0
23.05,23.0172402853,3472.0,79613.0
23.1,23.0672315864,4035.0,79820.0
23.15,23.1170939384,5057.0,79768.0
23.2,23.1670217883,6301.0,79722.0
23.25,23.2166958337,7737.0,79674.0
23.3,23.2663248493,9479.0,79630.0
23.35,23.3158310563,11543.0,79606.0
23.4,23.3653249823,13284.0,79582.0
23.45,23.4148373297,14789.0,79564.0
23.5,23.4649227841,15224.0,79527.0
23.55,23.5153889452,14420.0,79701.0
23.6,23.5658837616,12930.0,79635.0
23.65,23.6160940714,10896.0,79594.0
23.7,23.6664190026,8775.0,79546.0
23.75,23.7164798952,7001.0,79532.0
23.8,23.7666595028,5643.0,79531.0
23.85,23.8167490508,4503.0,79474.0
23.9,23.8669614074,3454.0,79436.0
23.95,23.9169813638,2714.0,79426.0
24.0,23.9670443032,2278.0,79386.0
24.05,24.0169967149,1923.0,79577.0
24.1,24.0670207649,1666.0,79580.0
24.15,24.1169015382,1379.0,79569.0
24.2,24.166776171,1226.0,79580.0
24.25,24.2164747782,1138.0,79520.0
24.3,24.2661570108,1033.0,79489.0
24.35,24.3156673114,1010.0,79489.0
24.4,24.3651366758,847.0,79474.0
24.45,24.4147206615,843.0,79426.0
24.5,24.4648716138,835.0,79421.0
24.55,24.515282511,749.0,79424.0
24.6,24.5657343445,744.0,79600.0
24.65,24.6159978713,677.0,79570.0
24.7,24.6662593514,726.0,79574.0
24.75,24.7164021164,692.0,79549.0
24.8,24.7665489751,701.0,79494.0
24.85,24.8166896933,612.0,79471.0
24.9,24.8668877222,610.0,79473.0
24.95,24.9169342871,597.0,79444.0
25.0,24.9669440095,569.0,79422.0
25.05,25.0168964212,575.0,79542.0
25.1,25.0669102371,592.0,79750.0
25.15,25.1167398401,570.0,79684.0
25.2,25.1666492688,558.0,79661.0
25.25,25.2163274078,547.0,79670.0
25.3,25.2659584702,531.0,79741.0
25.35,25.3154646772,535.0,79695.0
25.4,25.3649995395,519.0,79700.0
25.45,25.4145610103,512.0,79701.0
25.5,25.4646444178,553.0,79687.0
25.55,25.5150860172,526.0,79672.0
25.6,25.5655583187,493.0,79635.0
25.65,25.6157686285,507.0,79878.0
25.7,25.6660812788,526.0,79868.0
25.75,25.7161585459,462.0,79856.0
25.8,25.7663258727,509.0,79814.0
25.85,25.8164051866,544.0,79801.0
25.9,25.8666830412,496.0,79796.0
25.95,25.9167111848,484.0,79813.0
26.0,25.9667823115,489.0,79803.0
26.05,26.0167060678,503.0,79783.0
26.1,26.0667260242,541.0,79757.0
26.15,26.1165699549,552.0,79877.0
26.2,26.1663852302,505.0,79969.0
26.25,26.2161063523,536.0,79961.0
26.3,26.26576607,522.0,79931.0
26.35,26.3152845578,519.0,79895.0
26.4,26.3648337478,469.0,79894.0
26.45,26.4144197804,532.0,79898.0
26.5,26.4645216092,484.0,79850.0
26.55,26.5149406937,479.0,79818.0
26.6,26.5653966207,489.0,79815.0
26.65,26.6156499135,492.0,80058.0
26.7,26.6659257212,515.0,80086.0
26.75,26.7160623458,480.0,80045.0
26.8,26.7662071577,496.0,80024.0
26.85,26.8163478759,518.0,79937.0
26.9,26.8665622793,478.0,79982.0
26.95,26.9166149847,477.0,80020.0
27.0,26.966657456,461.0,80024.0
27.05,27.0166630847,501.0,80002.0
27.1,27.0666502922,473.0,80015.0
27.15,27.1165105974,462.0,80212.0
27.2,27.16643026,446.0,80209.0
27.25,27.2160817905,458.0,80234.0
27.3,27.2656882912,483.0,80249.0
27.35,27.3152252003,447.0,80209.0
27.4,27.3647621094,493.0,80196.0
27.45,27.4143624697,469.0,80162.0
27.5,27.4645011411,463.0,80120.0
27.55,27.5149366,415.0,80106.0
27.6,27.565372059,452.0,80159.0
27.65,27.6156048837,468.0,80343.0
27.7,27.6659093468,451.0,80306.0
27.75,27.7159866139,445.0,80245.0
27.8,27.7661744087,464.0,80228.0
27.85,27.8162905652,460.0,80215.0
27.9,27.8665397644,436.0,80246.0
27.95,27.9165679081,444.0,80263.0
28.0,27.9666369879,421.0,80278.0
28.05,28.0165505102,435.0,80270.0
28.1,28.0665909347,477.0,80225.0
28.15,28.1164430526,450.0,80372.0
28.2,28.166311545,450.0,80489.0
28.25,28.2160162926,455.0,80435.0
28.3,28.265680104,455.0,80408.0
28.35,28.3151883577,454.0,80365.0
28.4,28.364670003,442.0,80325.0
28.45,28.4142683164,481.0,80287.0
28.5,28.4643906133,441.0,80229.0
28.55,28.5147953701,483.0,80192.0
28.6,28.5652574376,450.0,80171.0
28.65,28.6155557602,443.0,80206.0
28.7,28.6658131467,454.0,80154.0
28.75,28.7159640989,450.0,80259.0
28.8,28.7661641747,449.0,80384.0
28.85,28.8162578163,437.0,80413.0
28.9,28.8664435643,436.0,80380.0
28.95,28.9164962697,456.0,80337.0
29.0,28.9665407878,427.0,80339.0
29.05,29.0165484634,477.0,80305.0
29.1,29.0665499985,460.0,80311.0
29.15,29.1164164441,468.0,80256.0
29.2,29.1663074514,471.0,80198.0
29.25,29.21597945,461.0,80195.0
29.3,29.2656882912,409.0,80334.0
29.35,29.3151822173,459.0,80389.0
29.4,29.3647088924,460.0,80384.0
29.45,29.4143235803,458.0,80424.0
29.5,29.4644581581,427.0,80410.0
29.55,29.5148874766,470.0,80387.0
29.6,29.5653884335,432.0,80355.0
29.65,29.6156048837,449.0,80294.0
29.7,29.6658950191,485.0,80265.0
29.75,29.7160377841,442.0,80263.0
29.8,29.7662337662,459.0,80258.0
29.85,29.8163560632,469.0,80465.0
29.9,29.8665786538,462.0,80467.0
29.95,29.9166538741,437.0,80482.0
30.0,29.9667045327,436.0,80477.0
30.05,30.016681506,420.0,80415.0
30.1,30.0667423987,454.0,80353.0
30.15,30.1165638144,477.0,80304.0
30.2,30.1664896176,431.0,80253.0
30.25,30.2162148332,438.0,80241.0
30.3,30.2658336148,446.0,80262.0
30.35,30.3153295877,484.0,80428.0
30.4,30.36486445,498.0,80507.0
30.45,30.4144852783,460.0,80470.0
30.5,30.4646014348,471.0,80431.0
30.55,30.5150942045,454.0,80400.0
30.6,30.5655480847,473.0,80386.0
30.65,30.6157890966,500.0,80375.0
30.7,30.6661365427,452.0,80357.0
30.75,30.7162465588,465.0,80341.0
30.8,30.766452775,430.0,80322.0
30.85,30.8165505102,444.0,80237.0
30.9,30.8667997094,444.0,80504.0
30.95,30.9168565083,472.0,80449.0
31.0,30.9669521967,478.0,80402.0
31.05,31.0169373574,449.0,80412.0
31.1,31.066955267,465.0,80412.0
31.15,31.1168176189,463.0,80390.0
31.2,31.1666820177,464.0,80356.0
31.25,31.2163888121,427.0,80321.0
31.3,31.2660649044,501.0,80259.0
31.35,31.3155915794,477.0,80241.0
31.4,31.3651080204,468.0,80261.0
31.45,31.4147104275,454.0,80346.0
31.5,31.464869567,482.0,80498.0
31.55,31.5152559025,507.0,80457.0
31.6,31.5656995487,496.0,80398.0
31.65,31.6159610287,479.0,80389.0
31.7,31.6662368364,521.0,80363.0
31.75,31.7163529929,519.0,80345.0
31.8,31.7665162261,520.0,80313.0
31.85,31.8166855997,526.0,80323.0
31.9,31.8668590669,540.0,80251.0
31.95,31.9169383808,533.0,80196.0
32.0,31.9669665244,531.0,80494.0
32.05,32.0169639659,547.0,80500.0
32.1,32.0669777819,524.0,80489.0
32.15,32.1168790233,543.0,80475.0
32.2,32.1667884519,590.0,80483.0
32.25,32.2164358888,562.0,80495.0
32.3,32.266101747,609.0,80484.0
32.35,32.3156222816,561.0,80425.0
32.4,32.3651223481,572.0,80378.0
32.45,32.4146960998,660.0,80332.0
32.5,32.4647651797,652.0,80312.0
32.55,32.5152108727,670.0,80320.0
32.6,32.5657036423,682.0,80529.0
32.65,32.6159405606,764.0,80523.0
32.7,32.6662491173,784.0,80515.0
32.75,32.7163652738,818.0,80495.0
32.8,32.7666103794,862.0,80471.0
32.85,32.8167265359,881.0,80399.0
32.9,32.8669716414,1007.0,80363.0
32.95,32.9170120659,1000.0,80332.0
33.0,32.9671016139,1117.0,80350.0
33.05,33.0170826809,1268.0,80345.0
33.1,33.0671415267,1335.0,80336.0
33.15,33.1170100191,1439.0,80610.0
33.2,33.1669399159,1523.0,80640.0
33.25,33.2166978805,1761.0,80592.0
33.3,33.2663883004,1787.0,80555.0
33.35,33.3159170223,1929.0,80469.0
33.4,33.3654928208,1945.0,80412.0
33.45,33.4151361641,1902.0,80380.0
33.5,33.465258461,1963.0,80353.0
33.55,33.5157287157,1839.0,80335.0
33.6,33.5662317194,1919.0,80312.0
33.65,33.6164993399,1740.0,80307.0
33.7,33.6668222243,1624.0,80244.0
33.75,33.7169813638,1500.0,80376.0
33.8,33.7672244225,1385.0,80441.0
33.85,33.8173160173,1283.0,80476.0
33.9,33.8676266208,1161.0,80452.0
33.95,33.9176261091,1133.0,80525.0
34.0,33.9677136103,1075.0,80497.0
34.05,34.0177008177,927.0,80420.0
34.1,34.0678108338,893.0,80418.0
34.15,34.1177038879,819.0,80425.0
34.2,34.1675948953,809.0,80405.0
34.25,34.2172996428,730.0,80344.0
34.3,34.2669736883,710.0,80525.0
34.35,34.3164778484,657.0,80488.0
34.4,34.3660045235,629.0,80511.0
34.45,34.4156192114,659.0,80494.0
34.5,34.4657906317,604.0,80444.0
34.55,34.5162649801,568.0,80347.0
34.6,34.5667372816,561.0,80377.0
34.65,34.6170028553,564.0,80351.0
34.7,34.6672807098,561.0,80384.0
34.75,34.7173477429,544.0,80386.0
34.8,34.7675723803,569.0,80593.0
34.85,34.8177642688,568.0,80596.0
34.9,34.867980719,535.0,80590.0
34.95,34.9179720201,545.0,80596.0
35.0,34.9680103978,544.0,80513.0
35.05,35.0180467287,516.0,80353.0
35.1,35.0680687319,507.0,80336.0
35.15,35.1179556456,502.0,80356.0
35.2,35.1678855424,524.0,80337.0
35.25,35.2175821027,531.0,80383.0
35.3,35.2673052716,528.0,80365.0
35.35,35.3168565083,508.0,80570.0
35.4,35.3663749962,471.0,80584.0
35.45,35.4159159989,532.0,80548.0
35.5,35.4660915129,518.0,80486.0
35.55,35.5165453931,495.0,80442.0
35.6,35.567079099,528.0,80475.0
35.65,35.617373328,507.0,80449.0
35.7,35.6676511825,534.0,80413.0
35.75,35.717757105,500.0,80399.0
35.8,35.7679162445,556.0,80373.0
35.85,35.8180405883,494.0,80467.0
35.9,35.8682140554,543.0,80616.0
35.95,35.9182995098,512.0,80590.0
36.0,35.968364496,516.0,80564.0
36.05,36.0183373758,513.0,80537.0
36.1,36.068359379,497.0,80457.0
36.15,36.118231965,504.0,80489.0
36.2,36.1681475341,481.0,80466.0
36.25,36.2178502349,495.0,80452.0
36.3,36.2674997186,471.0,80435.0
36.35,36.3170284404,514.0,80390.0
36.4,36.3665633027,514.0,80575.0
36.45,36.4161657098,501.0,80586.0
36.5,36.4662941471,530.0,80552.0
36.55,36.5167357465,522.0,80573.0
36.6,36.5672203289,506.0,80542.0
36.65,36.6174838558,498.0,80524.0
36.7,36.667786272,470.0,80518.0
36.75,36.7178676328,519.0,80506.0
36.8,36.7680799894,524.0,80493.0
36.85,36.8181715841,515.0,80478.0
36.9,36.8684269237,512.0,80674.0
36.95,36.9184673483,509.0,80666.0
37.0,36.9685241472,510.0,80623.0
37.05,37.0184417631,543.0,80600.0
37.1,37.0685006089,549.0,80595.0
37.15,37.1183752418,531.0,80580.0
37.2,37.1682621555,551.0,80512.0
37.25,37.2179812307,543.0,80470.0
37.3,37.2676614166,533.0,80441.0
37.35,37.317141015,542.0,80414.0
37.4,37.3666615496,550.0,80389.0
37.45,37.4162086928,574.0,80573.0
37.5,37.4663166621,520.0,80611.0
37.55,37.5167541678,572.0,80594.0
37.6,37.5672510311,516.0,80606.0
37.65,37.6175739154,517.0,80567.0
37.7,37.6678497232,597.0,80529.0
37.75,37.7179679265,518.0,80512.0
37.8,37.7680861298,552.0,80508.0
37.85,37.8182493629,593.0,80443.0
37.9,37.8684617195,569.0,80402.0
37.95,37.9185062377,550.0,80402.0
38.0,37.9685323345,571.0,80377.0
38.05,38.0185174951,538.0,80640.0
38.1,38.0685128898,573.0,80627.0
38.15,38.1183486332,515.0,80634.0
38.2,38.1682007512,547.0,80613.0
38.25,38.2178133923,544.0,80566.0
38.3,38.267462876,538.0,80488.0
38.35,38.3169977383,563.0,80459.0
38.4,38.3665223665,516.0,80442.0
38.45,38.416012199,533.0,80375.0
38.5,38.4660464831,513.0,80377.0
38.55,38.5164225845,576.0,80376.0
38.6,38.5668478094,530.0,80341.0
38.65,38.6170540256,571.0,80575.0
38.7,38.6673912376,530.0,80546.0
38.75,38.717486926,551.0,80500.0
38.8,38.7676788145,503.0,80509.0
38.85,38.8177806433,580.0,80507.0
38.9,38.8680359829,596.0,80471.0
38.95,38.9180068159,559.0,80462.0
39.0,38.9680390531,580.0,80410.0
39.05,39.0179935116,563.0,80351.0
39.1,39.0679991403,561.0,80299.0
39.15,39.117865586,607.0,80275.0
39.2,39.1677074698,617.0,80300.0
39.25,39.217373328,570.0,80501.0
39.3,39.2670105308,582.0,80487.0
39.35,39.3165187846,628.0,80443.0
39.4,39.3660434129,592.0,80401.0
39.45,39.4155659943,612.0,80370.0
39.5,39.4656985253,583.0,80355.0
39.55,39.5161319374,585.0,80331.0
39.6,39.5666165198,606.0,80274.0
39.65,39.6169025616,623.0,80228.0
39.7,39.6671579012,622.0,80457.0
39.75,39.7172945258,623.0,80456.0
39.8,39.7674598058,666.0,80457.0
39.85,39.8176025708,617.0,80439.0
39.9,39.8678272083,692.0,80382.0
39.95,39.9178840072,685.0,80302.0
40.0,39.9679203381,644.0,80241.0
40.05,40.0179177796,703.0,80212.0
40.1,40.0679500169,722.0,80184.0
40.15,40.1178533051,737.0,80150.0
40.2,40.1677852486,789.0,80142.0
40.25,40.2174961366,813.0,80397.0
40.3,40.2671947438,847.0,80400.0
40.35,40.3167664487,822.0,80366.0
40.4,40.3662808429,874.0,80296.0
40.45,40.4158116116,992.0,80297.0
40.5,40.465917534,1018.0,80299.0
40.55,40.5163468525,1094.0,80208.0
40.6,40.5668539498,1205.0,80189.0
40.65,40.617092915,1309.0,80204.0
40.7,40.6674219398,1409.0,80159.0
40.75,40.7175483303,1644.0,80122.0
40.8,40.7677340784,1743.0,80333.0
40.85,40.8178420476,2011.0,80367.0
40.9,40.8680769191,2284.0,80341.0
40.95,40.9181173436,2499.0,80321.0
41.0,40.9681761895,2736.0,80289.0
41.05,41.0181286011,3008.0,80299.0
41.1,41.068175166,3367.0,80283.0
41.15,41.1180006754,3629.0,80263.0
41.2,41.1678548402,3837.0,80200.0
41.25,41.217535026,3951.0,80150.0
41.3,41.2671845097,3931.0,80129.0
41.35,41.3166518273,4007.0,80296.0
41.4,41.3661703151,3584.0,80388.0
41.45,41.4157174583,3503.0,80306.0
41.5,41.4658458956,3144.0,80251.0
41.55,41.5162670269,2782.0,80197.0
41.6,41.5667782178,2577.0,80159.0
41.65,41.6170376511,2247.0,80159.0
41.7,41.6673195992,1966.0,80189.0
41.75,41.7174603175,1706.0,80196.0
41.8,41.7676092229,1479.0,80147.0
41.85,41.8177253794,1386.0,80102.0
41.9,41.8679663914,1232.0,80067.0
41.95,41.9180211436,1077.0,80282.0
42.0,41.968051334,1012.0,80295.0
42.05,42.0180426351,961.0,80264.0
42.1,42.0680298425,866.0,80213.0
42.15,42.1178553519,837.0,80161.0
42.2,42.1677279379,751.0,80105.0
42.25,42.2174081238,771.0,80109.0
42.3,42.2670862628,731.0,80090.0
42.35,42.3166088443,645.0,80071.0
42.4,42.3661457534,633.0,80093.0
42.45,42.4156765221,598.0,80267.0
42.5,42.4658274743,601.0,80221.0
42.55,42.5162567929,567.0,80200.0
42.6,42.5667618434,581.0,80190.0
42.65,42.6170130894,577.0,80179.0
42.7,42.6673339269,510.0,80164.0
42.75,42.7174828324,569.0,80147.0
42.8,42.7676562996,502.0,80118.0
42.85,42.8177826901,524.0,80097.0
42.9,42.8679868595,550.0,80004.0
42.95,42.9180211436,553.0,80018.0
43.0,42.9681413937,539.0,80208.0
43.05,43.018140882,507.0,80226.0
43.1,43.0681587916,515.0,80220.0
43.15,43.117984301,485.0,80251.0
43.2,43.1679121509,473.0,80216.0
43.25,43.2175861963,491.0,80196.0
43.3,43.2672070247,510.0,80180.0
43.35,43.3167377933,477.0,80160.0
43.4,43.3662808429,523.0,80144.0
43.45,43.4158423137,477.0,80140.0
43.5,43.4659461894,506.0,80368.0
43.55,43.5164021164,428.0,80382.0
43.6,43.5668600903,480.0,80315.0
43.65,43.6171092894,507.0,80251.0
43.7,43.6674321738,477.0,80264.0
43.75,43.7175524239,466.0,80252.0
43.8,43.7677504529,467.0,80236.0
43.85,43.817880937,450.0,80185.0
43.9,43.8681546979,472.0,80181.0
43.95,43.918178748,441.0,80157.0
44.0,43.9682437342,487.0,80265.0
44.05,44.0181961459,446.0,80378.0
44.1,44.0682222427,437.0,80317.0
44.15,44.1181337181,458.0,80288.0
44.2,44.1679817424,487.0,80249.0
44.25,44.2176619283,485.0,80201.0
44.3,44.267344161,438.0,80172.0
44.35,44.3168544615,472.0,80153.0
44.4,44.3663749962,486.0,80168.0
44.45,44.4159405606,471.0,80146.0
44.5,44.4661263087,508.0,80312.0
44.55,44.5165494868,454.0,80345.0
44.6,44.5670299755,472.0,80291.0
44.65,44.617373328,467.0,80294.0
44.7,44.6676491357,486.0,80253.0
44.75,44.7178041816,467.0,80202.0
44.8,44.7679940233,450.0,80148.0
44.85,44.8181470224,451.0,80110.0
44.9,44.8683225364,488.0,80074.0
44.95,44.9183629609,453.0,80040.0
45.0,44.9683726833,477.0,80290.0
45.05,45.0183987801,461.0,80261.0
45.1,45.0684085025,476.0,80207.0
45.15,45.1182810885,474.0,80183.0
45.2,45.1681454873,472.0,80189.0
45.25,45.2177929242,442.0,80157.0
45.3,45.2674997186,473.0,80158.0
45.35,45.3170898447,449.0,80139.0
45.4,45.3666247071,411.0,80116.0
45.45,45.4161554757,473.0,80064.0
45.5,45.4662532109,444.0,80036.0
45.55,45.5167070912,446.0,80321.0
45.6,45.567230563,449.0,80307.0
45.65,45.6174736217,437.0,80305.0
45.7,45.6678149274,476.0,80274.0
45.75,45.7179556456,455.0,80207.0
45.8,45.7681639086,494.0,80152.0
45.85,45.8182821119,445.0,80145.0
45.9,45.8685476856,469.0,80098.0
45.95,45.918567642,444.0,79986.0
46.0,45.9686469559,463.0,79953.0
46.05,46.0186177888,440.0,79989.0
46.1,46.0686827751,473.0,80251.0
46.15,46.1185369398,440.0,80278.0
46.2,46.1684484153,470.0,80274.0
46.25,46.2181859118,472.0,80263.0
46.3,46.2678435827,463.0,80257.0
46.35,46.3173477429,513.0,80166.0
46.4,46.3668805584,435.0,80152.0
46.45,46.4163908589,464.0,80162.0
46.5,46.4664640324,440.0,80106.0
46.55,46.5169690829,475.0,80036.0
46.6,46.5674618526,488.0,80022.0
46.65,46.6177315199,486.0,80168.0
46.7,46.6680769191,466.0,80199.0
46.75,46.7182176374,494.0,80165.0
46.8,46.7684443216,472.0,80111.0
46.85,46.8185481973,527.0,80125.0
46.9,46.8688199114,505.0,80131.0
46.95,46.9188501018,498.0,80112.0
47.0,46.9689560243,511.0,80083.0
47.05,47.0189534658,563.0,80029.0
47.1,47.0690020775,538.0,79962.0
47.15,47.1188501018,585.0,79885.0
47.2,47.1687247347,583.0,80006.0
47.25,47.2184192482,602.0,80084.0
47.3,47.2681342298,655.0,80065.0
47.35,47.3176629517,667.0,80017.0
47.4,47.3671691587,742.0,79978.0
47.45,47.4166241953,757.0,80019.0
47.5,47.4667771944,751.0,79977.0
47.55,47.5171942321,797.0,79939.0
47.6,47.5676992826,901.0,79872.0
47.65,47.6180037457,893.0,79827.0
47.7,47.6682979747,1034.0,79833.0
47.75,47.7184325525,1095.0,80065.0
47.8,47.7685896452,1181.0,80095.0
47.85,47.818767206,1238.0,80046.0
47.9,47.8689283923,1256.0,79980.0
47.95,47.9189729105,1341.0,79910.0
48.0,47.9690153818,1291.0,79865.0
48.05,48.0190496659,1282.0,79804.0
48.1,48.0690532478,1352.0,79778.0
48.15,48.1188992253,1231.0,79804.0
48.2,48.1688025135,1218.0,79770.0
48.25,48.2184601844,1233.0,79957.0
48.3,48.2681260426,1139.0,79975.0
48.35,48.3176445304,995.0,79917.0
48.4,48.3671568778,983.0,79890.0
48.45,48.4166651316,818.0,79878.0
48.5,48.466771054,796.0,79848.0
48.55,48.5172024193,743.0,79796.0
48.6,48.5677197507,732.0,79789.0
48.65,48.617946435,696.0,79722.0
48.7,48.6682631789,639.0,79677.0
48.75,48.7183588673,600.0,79794.0
48.8,48.7685609898,620.0,79909.0
48.85,48.8186689591,614.0,79893.0
48.9,48.8689611413,501.0,79864.0
48.95,48.9190036126,514.0,79817.0
49.0,48.9690645052,541.0,79772.0
49.05,49.019004636,477.0,79724.0
49.1,49.0690471073,498.0,79662.0
49.15,49.1188951317,494.0,79624.0
49.2,49.1687738581,496.0,79655.0
49.25,49.2185256824,524.0,79574.0
49.3,49.2681813065,420.0,79777.0
49.35,49.3176977475,483.0,79753.0
49.4,49.3672510311,453.0,79718.0
49.45,49.4167777061,449.0,79707.0
49.5,49.4668693009,441.0,79683.0
49.55,49.5172945258,472.0,79666.0
49.6,49.5677852486,446.0,79636.0
49.65,49.618075384,449.0,79596.0
49.7,49.668359379,409.0,79574.0
49.75,49.7184878164,418.0,79573.0
49.8,49.768634675,479.0,79702.0
49.85,49.8187631124,435.0,79817.0
49.9,49.8690368733,464.0,79771.0
49.95,49.9191039063,445.0,79727.0
50.0,49.9691115819,405.0,79687.0
50.05,50.0190906021,412.0,79644.0
50.1,50.0690880436,440.0,79673.0
50.15,50.11896677,477.0,79700.0
50.2,50.1688332156,448.0,79701.0
50.25,50.2185154483,443.0,79662.0
50.3,50.2681628852,433.0,79636.0
50.35,50.3177161688,440.0,79885.0
50.4,50.3672653588,427.0,79819.0
50.45,50.4167306295,464.0,79780.0
50.5,50.4668426924,459.0,79774.0
50.55,50.5172638236,436.0,79773.0
50.6,50.5677934359,438.0,79752.0
50.65,50.6180631032,434.0,79735.0
50.7,50.6683900812,423.0,79687.0
50.75,50.7185267058,406.0,79655.0
50.8,50.7686735644,410.0,79630.0
50.85,50.8188715933,429.0,79658.0
50.9,50.8691248861,422.0,79883.0
50.95,50.9191816851,469.0,79856.0
51.0,50.9692282501,419.0,79806.0
51.05,51.0191970362,400.0,79755.0
51.1,51.0692517884,429.0,79694.0
51.15,51.1191018595,447.0,79663.0
51.2,51.1690317563,483.0,79682.0
51.25,51.2187098953,443.0,79664.0
51.3,51.2683552854,415.0,79644.0
51.35,51.3178942413,446.0,79588.0
51.4,51.3674393377,433.0,79604.0
51.45,51.4169025616,433.0,79729.0
51.5,51.4669900627,464.0,79653.0
51.55,51.5174705515,418.0,79612.0
51.6,51.5679837893,460.0,79594.0
51.65,51.6182370821,446.0,79552.0
51.7,51.6685702005,417.0,79492.0
51.75,51.7186474676,432.0,79474.0
51.8,51.768872105,426.0,79428.0
51.85,51.8189841679,438.0,79397.0
51.9,51.8692333671,455.0,79391.0
51.95,51.9192410426,467.0,79592.0
52.0,51.9693490119,447.0,79617.0
52.05,52.019317798,435.0,79576.0
52.1,52.0693295672,421.0,79537.0
52.15,52.1191980596,444.0,79505.0
52.2,52.1690194754,464.0,79470.0
52.25,52.2187078485,412.0,79461.0
52.3,52.2684125961,448.0,79436.0
52.35,52.3179413179,452.0,79407.0
52.4,52.3674659462,462.0,79323.0
52.45,52.4169639659,477.0,79399.0
52.5,52.4671046841,505.0,79546.0
52.55,52.5175114877,441.0,79514.0
52.6,52.5679919765,463.0,79426.0
52.65,52.618259597,524.0,79375.0
52.7,52.6685476856,471.0,79356.0
52.75,52.7187313868,483.0,79368.0
52.8,52.7689028072,550.0,79355.0
52.85,52.8190414786,466.0,79353.0
52.9,52.8692476948,524.0,79351.0
52.95,52.9193167746,519.0,79269.0
53.0,52.9693490119,568.0,79402.0
53.05,53.0193362193,585.0,79441.0
53.1,53.0693500353,525.0,79462.0
53.15,53.1192287618,635.0,79392.0
53.2,53.1691361436,644.0,79357.0
53.25,53.2187958613,671.0,79345.0
53.3,53.268445345,656.0,79343.0
53.35,53.3179863478,674.0,79286.0
53.4,53.3675171165,690.0,79265.0
53.45,53.4170110425,804.0,79228.0
53.5,53.4671394799,781.0,79237.0
53.55,53.5176342964,813.0,79273.0
53.6,53.5681475341,896.0,79538.0
53.65,53.6184049205,926.0,79502.0
53.7,53.6687748815,949.0,79484.0
53.75,53.7189074125,1014.0,79484.0
53.8,53.769089067,1073.0,79448.0
53.85,53.8192195511,1077.0,79325.0
53.9,53.8694810312,1137.0,79403.0
53.95,53.919539877,1103.0,79333.0
54.0,53.9696171441,1143.0,79225.0
54.05,54.0195736494,1145.0,79175.0
54.1,54.0696365888,1162.0,79125.0
54.15,54.1194457237,1163.0,79413.0
54.2,54.1693633396,1128.0,79461.0
54.25,54.2190987893,1202.0,79425.0
54.3,54.2687359921,1141.0,79406.0
54.35,54.3182401523,1123.0,79397.0
54.4,54.367813904,1056.0,79340.0
54.45,54.4173221577,1075.0,79278.0
54.5,54.4674751568,967.0,79207.0
54.55,54.5179106158,965.0,79196.0
54.6,54.5683501684,893.0,79202.0
54.65,54.6186300697,866.0,79188.0
54.7,54.6689611413,869.0,79474.0
54.75,54.7190998127,782.0,79363.0
54.8,54.7692773735,740.0,79342.0
54.85,54.81939353,688.0,79295.0
54.9,54.8696038398,709.0,79242.0
54.95,54.9196299367,676.0,79251.0
55.0,54.969715391,666.0,79271.0
55.05,55.019696458,635.0,79258.0
55.1,55.0697061803,559.0,79191.0
55.15,55.1195890004,576.0,79168.0
55.2,55.169477961,552.0,79196.0
55.25,55.2191929426,591.0,79436.0
55.3,55.2688935966,520.0,79434.0
55.35,55.3184632546,469.0,79363.0
55.4,55.3680001637,464.0,79349.0
55.45,55.4174777154,509.0,79331.0
55.5,55.4676000123,454.0,79281.0
55.55,55.517994535,482.0,79236.0
55.6,55.5684668366,437.0,79201.0
55.65,55.6186976144,446.0,79147.0
55.7,55.6689816094,434.0,79168.0
55.75,55.7191366553,459.0,79161.0
55.8,55.7693142161,409.0,79119.0
55.85,55.8194876833,410.0,79341.0
55.9,55.8697307421,408.0,79312.0
55.95,55.9198346177,466.0,79292.0
56.0,55.9698504805,433.0,79286.0
56.05,56.0198090326,454.0,79264.0
56.1,56.069828989,457.0,79227.0
56.15,56.119701575,403.0,79183.0
56.2,56.1696253313,414.0,79190.0
56.25,56.219350547,403.0,79215.0
56.3,56.2690471073,413.0,79165.0
56.35,56.3186372335,454.0,79131.0
56.4,56.3681823299,372.0,79386.0
56.45,56.4176312261,409.0,79334.0
56.5,56.467667557,422.0,79314.0
56.55,56.5180968755,421.0,79262.0
56.6,56.568601926,414.0,79180.0
56.65,56.6188572657,435.0,79118.0
56.7,56.6692333671,375.0,79148.0
56.75,56.71934543,390.0,79139.0
56.8,56.7695455057,388.0,79025.0
56.85,56.8196289132,411.0,79033.0
56.9,56.8699170018,413.0,79243.0
56.95,56.9199430987,395.0,79187.0
57.0,56.9700449275,369.0,79139.0
57.05,57.019976871,407.0,79123.0
57.1,57.0700786999,394.0,79136.0
57.15,57.1199574263,389.0,79116.0
57.2,57.1698627614,389.0,79085.0
57.25,57.2195982111,401.0,79059.0
57.3,57.2692927246,414.0,79007.0
57.35,57.3188521486,381.0,78945.0
57.4,57.3684504621,420.0,79083.0
57.45,57.4179525754,393.0,79173.0
57.5,57.468003234,385.0,79165.0
57.55,57.5184427865,404.0,79131.0
57.6,57.5689355562,367.0,79100.0
57.65,57.619199083,426.0,79085.0
57.7,57.6694810312,405.0,79064.0
57.75,57.7196197026,355.0,79026.0
57.8,57.769823872,390.0,78973.0
57.85,57.8199420753,456.0,78958.0
57.9,57.8701830872,409.0,78957.0
57.95,57.9201969032,393.0,79222.0
58.0,57.9702618894,405.0,79151.0
58.05,58.0202941267,396.0,79120.0
58.1,58.070346832,399.0,79103.0
58.15,58.1202705884,353.0,79061.0
58.2,58.1701656893,429.0,78997.0
58.25,58.2199297944,421.0,79027.0
58.3,58.2696591037,382.0,78995.0
58.35,58.3191960128,407.0,78999.0
58.4,58.3687165474,413.0,78941.0
58.45,58.4181163202,420.0,78858.0
58.5,58.4681403703,429.0,79046.0
58.55,58.5185369398,457.0,79093.0
58.6,58.5690706457,416.0,79046.0
58.65,58.6193341725,389.0,78990.0
58.7,58.6696243079,422.0,78939.0
58.75,58.7197977751,410.0,78903.0
58.8,58.7699384933,432.0,78893.0
58.85,58.8201242414,421.0,78878.0
58.9,58.8703591129,442.0,78808.0
58.95,58.9204609417,428.0,78759.0
59.0,58.9705443493,393.0,78964.0
59.05,59.0205786333,433.0,79049.0
59.1,59.0705678876,478.0,78997.0
59.15,59.1204077247,499.0,78978.0
59.2,59.1703621831,497.0,78950.0
59.25,59.220118101,481.0,78906.0
59.3,59.2698433167,480.0,78839.0
59.35,59.3194334428,557.0,78780.0
59.4,59.3689928669,569.0,78777.0
59.45,59.4183864992,552.0,78794.0
59.5,59.4683716599,556.0,78759.0
59.55,59.5188357742,572.0,78718.0
59.6,59.5693346842,620.0,78683.0
59.65,59.6195838834,631.0,78840.0
59.7,59.6699395167,619.0,78829.0
59.75,59.7200454392,637.0,78815.0
59.8,59.7702291404,639.0,78802.0
59.85,59.8203350629,651.0,78820.0
59.9,59.8706251983,651.0,78767.0
59.95,59.9206922313,655.0,78751.0
60.0,59.9708022474,586.0,78764.0
60.05,60.0208037825,557.0,78761.0
60.1,60.0709260794,527.0,78661.0
60.15,60.1208273208,561.0,78707.0
60.2,60.17083909,550.0,78830.0
60.25,60.2206400377,541.0,78813.0
60.3,60.270336598,510.0,78859.0
60.35,60.3199001156,501.0,78871.0
60.4,60.3694697737,449.0,78844.0
60.45,60.418885921,450.0,78787.0
60.5,60.4686848219,493.0,78703.0
60.55,60.5190772978,444.0,78687.0
60.6,60.5695905355,466.0,78715.0
60.65,60.6199359348,391.0,78683.0
60.7,60.6702301638,424.0,78806.0
60.75,60.7203156182,429.0,78797.0
60.8,60.7705177407,451.0,78820.0
60.85,60.8206318504,468.0,78835.0
60.9,60.8709178922,458.0,78777.0
60.95,60.9209910657,402.0,78733.0
61.0,60.9711235967,430.0,78698.0
61.05,61.0210964764,422.0,78665.0
61.1,61.0711594158,448.0,78601.0
61.15,61.1210893126,393.0,78673.0
61.2,61.1710478647,428.0,78911.0
61.25,61.2209245443,428.0,78907.0
61.3,61.2706722749,434.0,78896.0
61.35,61.3202337458,391.0,78879.0
61.4,61.3697727017,430.0,78859.0
61.45,61.4189882615,438.0,78777.0
61.5,61.4687503198,393.0,78753.0
61.55,61.519042502,403.0,78686.0
61.6,61.5695843951,394.0,78663.0
61.65,61.6199052327,406.0,78653.0
61.7,61.670250632,407.0,78806.0
61.75,61.7204159119,453.0,78966.0
61.8,61.7705545833,428.0,78970.0
61.85,61.8206973484,447.0,78932.0
61.9,61.8709690625,426.0,78876.0
61.95,61.9211302488,419.0,78815.0
62.0,61.9711829542,404.0,78769.0
62.05,62.0211722084,438.0,78734.0
62.1,62.0712146797,372.0,78688.0
62.15,62.1211629978,435.0,78630.0
62.2,62.1712238904,375.0,78594.0
62.25,62.2210821487,395.0,78580.0
62.3,62.2708892368,369.0,78633.0
62.35,62.3205387205,435.0,78787.0
62.4,62.3701882042,429.0,78756.0
62.45,62.4195040578,412.0,78687.0
62.5,62.4691146521,412.0,78640.0
62.55,62.5193802258,406.0,78634.0
62.6,62.5698525273,413.0,78618.0
62.65,62.620128335,423.0,78603.0
62.7,62.6705494663,401.0,78572.0
62.75,62.7207126994,392.0,78520.0
62.8,62.7709086815,412.0,78399.0
62.85,62.8210227912,459.0,78383.0
62.9,62.8713211139,454.0,78639.0
62.95,62.9214127086,443.0,78582.0
63.0,62.971530912,437.0,78568.0
63.05,63.0215140258,406.0,78562.0
63.1,63.0716322291,422.0,78547.0
63.15,63.121560079,406.0,78549.0
63.2,63.1716291589,450.0,78548.0
63.25,63.2214567151,414.0,78524.0
63.3,63.2711839776,489.0,78458.0
63.35,63.3207884314,399.0,78395.0
63.4,63.3703765108,459.0,78474.0
63.45,63.4196596154,445.0,78593.0
63.5,63.4693541289,453.0,78577.0
63.55,63.5196933878,461.0,78553.0
63.6,63.5701656893,430.0,78513.0
63.65,63.6205110886,487.0,78467.0
63.7,63.670876956,457.0,78415.0
63.75,63.7210545168,471.0,78400.0
63.8,63.7713303245,486.0,78355.0
63.85,63.8213912171,474.0,78330.0
63.9,63.8716076674,500.0,78431.0
63.95,63.9216071556,524.0,78519.0
64.0,63.9717130781,560.0,78463.0
64.05,64.0217678303,531.0,78435.0
64.1,64.0718962676,546.0,78364.0
64.15,64.1218548197,549.0,78376.0
64.2,64.1718747761,584.0,78362.0
64.25,64.2217535026,658.0,78304.0
64.3,64.2715155609,658.0,78274.0
64.35,64.3210811253,607.0,78288.0
64.4,64.3707387963,664.0,78273.0
64.45,64.4200403222,714.0,78223.0
64.5,64.4696222611,772.0,78451.0
64.55,64.5199594732,789.0,78413.0
64.6,64.5705095535,846.0,78392.0
64.65,64.6208324379,890.0,78401.0
64.7,64.6711491818,961.0,78335.0
64.75,64.7213901937,1019.0,78263.0
64.8,64.7715984567,993.0,78244.0
64.85,64.8216613961,1094.0,78214.0
64.9,64.8718123484,1116.0,78140.0
64.95,64.921981722,1141.0,78096.0
65.0,64.9721040189,1117.0,78131.0
65.05,65.0221833328,1173.0,78412.0
65.1,65.0722769744,1201.0,78401.0
65.15,65.1221925435,1193.0,78374.0
65.2,65.1721777041,1200.0,78327.0
65.25,65.2221096476,1224.0,78357.0
65.3,65.2720252167,1143.0,78359.0
65.35,65.3216296706,1067.0,78290.0
65.4,65.3712238904,1085.0,78192.0
65.45,65.4205336035,985.0,78144.0
65.5,65.4700152487,1021.0,78137.0
65.55,65.5202767288,961.0,78168.0
65.6,65.5708677453,912.0,78317.0
65.65,65.6212254255,844.0,78289.0
65.7,65.6716424631,774.0,78271.0
65.75,65.7219694411,769.0,78229.0
65.8,65.7722063594,713.0,78221.0
65.85,65.8222652052,691.0,78247.0
65.9,65.8724386724,649.0,78221.0
65.95,65.9226019056,603.0,78207.0
66.0,65.9726730322,600.0,78167.0
66.05,66.0226111162,572.0,78105.0
66.1,66.0726535875,571.0,78219.0
66.15,66.1226100928,505.0,78285.0
66.2,66.1727815132,532.0,78240.0
66.25,66.2226070226,556.0,78169.0
66.3,66.2724161575,514.0,78117.0
66.35,66.322100437,477.0,78039.0
66.4,66.3717847165,511.0,78076.0
66.45,66.421123085,477.0,78100.0
66.5,66.4704594066,454.0,78015.0
66.55,66.5206267334,442.0,77991.0
66.6,66.5711870478,438.0,78058.0
66.65,66.6215406343,456.0,78192.0
66.7,66.6720149827,429.0,78127.0
66.75,66.7220861093,443.0,78102.0
66.8,66.7724130873,398.0,78091.0
66.85,66.8224739799,403.0,78085.0
66.9,66.8728296133,416.0,78033.0
66.95,66.9231197487,407.0,77964.0
67.0,66.9733095903,412.0,77938.0
67.05,67.0233397808,409.0,77933.0
67.1,67.0734006734,392.0,78173.0
67.15,67.1233264765,384.0,78218.0
67.2,67.173518365,425.0,78192.0
67.25,67.2234482617,381.0,78139.0
67.3,67.2731939455,434.0,78131.0
67.35,67.3228761782,358.0,78054.0
67.4,67.3725850194,393.0,78044.0
67.45,67.4219663709,359.0,78070.0
67.5,67.4713313479,398.0,78047.0
67.55,67.5214556917,390.0,78084.0
67.6,67.5721551892,402.0,78057.0
67.65,67.6224698863,385.0,77990.0
67.7,67.6729360474,403.0,78222.0
67.75,67.7232016211,356.0,78256.0
67.8,67.7735060841,413.0,78269.0
67.85,67.8235546959,361.0,78230.0
67.9,67.8737424908,411.0,78175.0
67.95,67.9238852558,410.0,78122.0
68.0,67.973950242,418.0,78113.0
68.05,68.0238699047,371.0,78106.0
68.1,68.0739144229,395.0,78080.0
68.15,68.1236703407,364.0,78064.0
68.2,68.1736575481,362.0,78106.0
68.25,68.2236038193,381.0,78239.0
68.3,68.2734743586,374.0,78207.0
68.35,68.3232712126,395.0,78219.0
68.4,68.3729432112,356.0,78218.0
68.45,68.4223184223,338.0,78221.0
68.5,68.4716486036,401.0,78202.0
68.55,68.5216767472,419.0,78146.0
68.6,68.5723005127,348.0,78095.0
68.65,68.6228526399,408.0,78083.0
68.7,68.673318801,388.0,78007.0
68.75,68.723645779,378.0,78149.0
68.8,68.7739338676,363.0,78180.0
68.85,68.8239333558,353.0,78171.0
68.9,68.874129338,356.0,78169.0
68.95,68.9242147923,372.0,78142.0
69.0,68.9742838722,388.0,78088.0
69.05,69.024234237,389.0,78071.0
69.1,69.0744261255,384.0,78062.0
69.15,69.1245115798,392.0,78030.0
69.2,69.174480366,370.0,78029.0
69.25,69.2245576331,403.0,77997.0
69.3,69.2744916234,381.0,77927.0
69.35,69.3243867244,403.0,77867.0
69.4,69.3741160337,382.0,77880.0
69.45,69.4234052787,408.0,77957.0
69.5,69.4726801961,411.0,78283.0
69.55,69.5227083397,381.0,78248.0
69.6,69.5733341521,421.0,78275.0
69.65,69.6237675642,395.0,78297.0
69.7,69.6741416188,376.0,78294.0
69.75,69.7244112861,391.0,78281.0
69.8,69.7746645789,380.0,78245.0
69.85,69.8247295652,404.0,78218.0
69.9,69.8751159006,412.0,78144.0
69.95,69.9252525253,394.0,78077.0
70.0,69.9754239456,397.0,78200.0
70.05,70.025443902,409.0,78305.0
70.1,70.0757360842,410.0,78292.0
70.15,70.1257396662,403.0,78297.0
70.2,70.1759192738,402.0,78288.0
70.25,70.2259453706,384.0,78215.0
70.3,70.2758998291,397.0,78175.0
70.35,70.325665981,384.0,78150.0
70.4,70.3753154647,409.0,78158.0
70.45,70.4246047097,378.0,78156.0
70.5,70.4739328441,387.0,78170.0
70.55,70.5238197579,405.0,78340.0
70.6,70.5743268552,393.0,78236.0
70.65,70.6247029566,396.0,78184.0
70.7,70.6750831517,386.0,78194.0
70.75,70.7253937552,378.0,78248.0
70.8,70.7757473417,393.0,78227.0
70.85,70.8257775322,407.0,78189.0
70.9,70.8762027571,347.0,78155.0
70.95,70.9265788585,398.0,78134.0
71.0,70.9767257172,372.0,78127.0
71.05,71.0266638011,389.0,78349.0
71.1,71.0768249875,396.0,78320.0
71.15,71.126799914,379.0,78310.0
71.2,71.1769877089,365.0,78272.0
71.25,71.2269708227,367.0,78250.0
71.3,71.2768700173,375.0,78242.0
71.35,71.3265849989,375.0,78243.0
71.4,71.3762058273,362.0,78188.0
71.45,71.4254623233,400.0,78142.0
71.5,71.4748006918,376.0,78137.0
71.55,71.5247919929,395.0,78104.0
71.6,71.5752192646,375.0,78297.0
71.65,71.6255830852,355.0,78357.0
71.7,71.6759039227,363.0,78272.0
71.75,71.7261224197,344.0,78237.0
71.8,71.7764350701,383.0,78223.0
71.85,71.8265266648,349.0,78178.0
71.9,71.8768863918,360.0,78153.0
71.95,71.9271724336,335.0,78159.0
72.0,71.9773725093,338.0,78125.0
72.05,72.0273433422,358.0,78130.0
72.1,72.0775782137,350.0,78117.0
72.15,72.1275510935,357.0,78377.0
72.2,72.1777020458,367.0,78385.0
72.25,72.2276851596,363.0,78333.0
72.3,72.2775986819,366.0,78343.0
72.35,72.3273095699,366.0,78252.0
72.4,72.3769713344,353.0,78229.0
72.45,72.4262810476,372.0,78251.0
72.5,72.4755047947,425.0,78211.0
72.55,72.5254756276,345.0,78161.0
72.6,72.5760154739,318.0,78159.0
72.65,72.6264693541,393.0,78196.0
72.7,72.6768290811,352.0,78416.0
72.75,72.7270926079,336.0,78386.0
72.8,72.7773520412,359.0,78354.0
72.85,72.8273474359,348.0,78283.0
72.9,72.877629384,376.0,78242.0
72.95,72.9279318003,377.0,78245.0
73.0,72.9781707654,361.0,78268.0
73.05,73.0281375047,346.0,78257.0
73.1,73.0783232528,417.0,78160.0
73.15,73.1283104602,389.0,78098.0
73.2,73.1784266167,377.0,78123.0
73.25,73.2285038838,356.0,78364.0
73.3,73.2785279338,384.0,78387.0
73.35,73.3283739114,385.0,78389.0
73.4,73.3780418163,379.0,78350.0
73.45,73.4275234616,359.0,78325.0
73.5,73.4767963321,391.0,78286.0
73.55,73.5266730118,348.0,78262.0
73.6,73.577278356,372.0,78232.0
73.65,73.6277772661,428.0,78260.0
73.7,73.6782188655,379.0,78252.0
73.75,73.7285171881,406.0,78409.0
73.8,73.7788400725,417.0,78318.0
73.85,73.8289459949,426.0,78301.0
73.9,73.8792954878,392.0,78341.0
73.95,73.929620419,422.0,78324.0
74.0,73.9797713713,425.0,78293.0
74.05,74.0297626723,412.0,78226.0
74.1,74.079876782,395.0,78212.0
74.15,74.1298496618,467.0,78186.0
74.2,74.1799658183,429.0,78143.0
74.25,74.2297647191,439.0,78209.0
74.3,74.2793957815,432.0,78430.0
74.35,74.3288815204,447.0,78442.0
74.4,74.3783733997,436.0,78373.0
74.45,74.42783253,485.0,78306.0
74.5,74.4778279246,492.0,78275.0
74.55,74.5277230256,482.0,78253.0
74.6,74.5782342165,493.0,78272.0
74.65,74.628577569,492.0,78233.0
74.7,74.6789659513,510.0,78221.0
74.75,74.7291578398,522.0,78222.0
74.8,74.7793906645,523.0,78284.0
74.85,74.8295006806,591.0,78454.0
74.9,74.8798788288,555.0,78397.0
74.95,74.9301116535,532.0,78387.0
75.0,74.9803424314,567.0,78373.0
75.05,75.0303787623,594.0,78317.0
75.1,75.0805174337,542.0,78343.0
75.15,75.130408441,612.0,78326.0
75.2,75.180336291,552.0,78341.0
75.25,75.2299612129,568.0,78305.0
75.3,75.2795370115,586.0,78242.0
75.35,75.3290104694,617.0,78316.0
75.4,75.3785023487,564.0,78422.0
75.45,75.4279901344,525.0,78438.0
75.5,75.4781226654,580.0,78471.0
75.55,75.5285376562,567.0,78432.0
75.6,75.5791327664,566.0,78393.0
75.65,75.6294843061,538.0,78350.0
75.7,75.6799340927,487.0,78268.0
75.75,75.730128028,532.0,78240.0
75.8,75.7803751804,512.0,78248.0
75.85,75.8305261327,510.0,78242.0
75.9,75.8808346893,478.0,78246.0
75.95,75.9308505521,483.0,78466.0
76.0,75.9809216788,489.0,78418.0
76.05,76.030835201,468.0,78410.0
76.1,76.0808469702,464.0,78382.0
76.15,76.1307154626,445.0,78354.0
76.2,76.1805634869,452.0,78354.0
76.25,76.2301577068,433.0,78406.0
76.3,76.2797498797,431.0,78369.0
76.35,76.3291946824,413.0,78330.0
76.4,76.3786497191,409.0,78256.0
76.45,76.4281272707,423.0,78250.0
76.5,76.4783191592,425.0,78479.0
76.55,76.5287628054,389.0,78444.0
76.6,76.5792658091,408.0,78422.0
76.65,76.6296214424,399.0,78388.0
76.7,76.6799995906,378.0,78322.0
76.75,76.7302344621,406.0,78321.0
76.8,76.7804898018,389.0,78322.0
76.85,76.830663269,378.0,78311.0
76.9,76.8809513575,343.0,78289.0
76.95,76.9309365182,370.0,78255.0
77.0,76.9809462405,314.0,78441.0
77.05,77.0308802309,351.0,78394.0
77.1,77.0807957999,346.0,78362.0
77.15,77.1306458711,384.0,78359.0
77.2,77.1805102699,362.0,78380.0
77.25,77.2300922088,359.0,78345.0
77.3,77.279715084,366.0,78321.0
77.35,77.3291844483,339.0,78284.0
77.4,77.3786579063,352.0,78249.0
77.45,77.4281313643,358.0,78237.0
77.5,77.4783089251,329.0,78527.0
77.55,77.5288180692,324.0,78463.0
77.6,77.57937429,312.0,78414.0
77.65,77.6296951276,319.0,78402.0
77.7,77.6801223993,376.0,78331.0
77.75,77.7303879729,331.0,78335.0
77.8,77.7806289849,347.0,78279.0
77.85,77.8308024521,358.0,78223.0
77.9,77.8810475576,373.0,78208.0
77.95,77.9311227779,331.0,78179.0
78.0,77.9811550152,344.0,78266.0
78.05,78.0310971928,343.0,78401.0
78.1,78.0811110088,365.0,78370.0
78.15,78.1309549395,323.0,78363.0
78.2,78.1808643681,324.0,78369.0
78.25,78.2305486476,333.0,78319.0
78.3,78.2801592419,339.0,78274.0
78.35,78.3296470275,351.0,78209.0
78.4,78.3791327664,359.0,78169.0
78.45,78.4286246456,362.0,78148.0
78.5,78.4787080532,338.0,78183.0
78.55,78.5292294782,337.0,78397.0
78.6,78.5797468095,365.0,78380.0
78.65,78.6300451322,350.0,78344.0
78.7,78.6805071997,371.0,78290.0
78.75,78.7307031818,321.0,78254.0
78.8,78.7809482873,343.0,78280.0
78.85,78.8311012864,376.0,78329.0
78.9,78.8813955154,375.0,78307.0
78.95,78.9313909101,343.0,78292.0
79.0,78.981470224,362.0,78216.0
79.05,79.0313837463,379.0,78191.0
79.1,79.081389375,381.0,78363.0
79.15,79.1312312589,366.0,78317.0
79.2,79.1810956577,371.0,78313.0
79.25,79.2307349073,402.0,78286.0
79.3,79.2803332208,417.0,78264.0
79.35,79.3297862106,377.0,78239.0
79.4,79.3792473878,418.0,78181.0
79.45,79.4287147053,423.0,78166.0
79.5,79.4789188747,426.0,78151.0
79.55,79.5293952698,433.0,78170.0
79.6,79.5798921331,452.0,78377.0
79.65,79.6302436728,398.0,78384.0
79.7,79.6806627573,438.0,78348.0
79.75,79.7309119564,418.0,78322.0
79.8,79.7811365939,423.0,78322.0
79.85,79.8313141547,407.0,78326.0
79.9,79.8815776816,432.0,78280.0
79.95,79.9315792167,467.0,78230.0
80.0,79.981654437,434.0,78226.0
80.05,80.031602755,438.0,78263.0
80.1,80.0815469794,386.0,78259.0
80.15,80.1314175187,441.0,78233.0
80.2,80.1812860111,443.0,78520.0
80.25,80.2308843245,447.0,78460.0
80.3,80.2805112933,379.0,78447.0
80.35,80.3299704236,422.0,78407.0
80.4,80.3794643497,438.0,78401.0
80.45,80.4289111991,425.0,78367.0
80.5,80.4791071812,425.0,78342.0
80.55,80.5295958573,428.0,78296.0
80.6,80.5801561716,378.0,78276.0
80.65,80.6305077114,360.0,78259.0
80.7,80.6809267958,410.0,78183.0
80.75,80.7311964631,395.0,78286.0
80.8,80.7814047261,378.0,78437.0
80.85,80.8316170827,353.0,78403.0
80.9,80.8818048775,383.0,78348.0
80.95,80.9318637234,397.0,78316.0
81.0,80.9819061947,370.0,78284.0
81.05,81.0318442787,359.0,78271.0
81.1,81.0818253457,365.0,78306.0
81.15,81.1316958849,352.0,78329.0
81.2,81.1815746114,367.0,78228.0
81.25,81.2311872525,350.0,78241.0
81.3,81.2807753318,321.0,78417.0
81.35,81.3302078536,333.0,78389.0
81.4,81.3796608435,365.0,78385.0
81.45,81.4291363483,369.0,78354.0
81.5,81.4793200495,320.0,78331.0
81.55,81.5298537554,332.0,78286.0
81.6,81.5803321974,365.0,78268.0
81.65,81.6306591753,370.0,78251.0
81.7,81.681086447,337.0,78214.0
81.75,81.7312803823,302.0,78172.0
81.8,81.7815193475,308.0,78266.0
81.85,81.8316948615,299.0,78352.0
81.9,81.8819911373,313.0,78334.0
81.95,81.9319599234,331.0,78346.0
82.0,81.9820269565,301.0,78367.0
82.05,82.0319568532,320.0,78316.0
82.1,82.0819768096,312.0,78309.0
82.15,82.1318330212,314.0,78266.0
82.2,82.1816523902,319.0,78250.0
82.25,82.2312670781,287.0,78207.0
82.3,82.2809124681,315.0,78157.0
82.35,82.3303613644,329.0,78305.0
82.4,82.3797938862,285.0,78452.0
82.45,82.4292386888,321.0,78461.0
82.5,82.4794756071,316.0,78452.0
82.55,82.5299847513,308.0,78417.0
82.6,82.5805041294,313.0,78392.0
82.65,82.6308638564,339.0,78329.0
82.7,82.6812645196,339.0,78309.0
82.75,82.7314932506,330.0,78246.0
82.8,82.7817219817,313.0,78229.0
82.85,82.8319200106,325.0,78189.0
82.9,82.8821876311,317.0,78210.0
82.95,82.932191213,314.0,78196.0
83.0,82.9822623397,305.0,78242.0
83.05,83.0322352195,304.0,78498.0
83.1,83.0822040056,328.0,78497.0
83.15,83.1320213278,319.0,78454.0
83.2,83.1818693521,294.0,78420.0
83.25,83.2314574315,341.0,78345.0
83.3,83.2810905407,336.0,78322.0
83.35,83.3305701391,325.0,78278.0
83.4,83.3800292694,315.0,78286.0
83.45,83.4294883997,277.0,78253.0
83.5,83.4796864286,330.0,78191.0
83.55,83.5302180877,327.0,78173.0
83.6,83.5807517935,361.0,78163.0
83.65,83.6310480693,310.0,78465.0
83.7,83.6814589666,326.0,78416.0
83.75,83.7316979317,379.0,78387.0
83.8,83.7818898202,331.0,78387.0
83.85,83.8321021768,329.0,78345.0
83.9,83.882318627,310.0,78304.0
83.95,83.9323610983,330.0,78258.0
84.0,83.9824158505,370.0,78242.0
84.05,84.0323784962,360.0,78221.0
84.1,84.0823554696,365.0,78196.0
84.15,84.1321789322,345.0,78157.0
84.2,84.1820556118,357.0,78369.0
84.25,84.2316539253,386.0,78411.0
84.3,84.2812092557,378.0,78421.0
84.35,84.3306663392,393.0,78405.0
84.4,84.3801131886,383.0,78359.0
84.45,84.4295784594,410.0,78340.0
84.5,84.4797764883,385.0,78320.0
84.55,84.5303061005,398.0,78311.0
84.6,84.5807906829,470.0,78311.0
84.65,84.6311156141,400.0,78309.0
84.7,84.6815654007,426.0,78288.0
84.75,84.731726587,424.0,78458.0
84.8,84.7819512245,403.0,78435.0
84.85,84.8321226449,436.0,78408.0
84.9,84.8824004994,425.0,78423.0
84.95,84.9323958941,381.0,78406.0
85.0,84.9824363186,396.0,78416.0
85.05,85.0323682622,383.0,78377.0
85.1,85.0823309079,410.0,78314.0
85.15,85.132180979,395.0,78290.0
85.2,85.1820146756,416.0,78229.0
85.25,85.2315884273,369.0,78203.0
85.3,85.2811785535,371.0,78421.0
85.35,85.3306172157,401.0,78445.0
85.4,85.3800702056,392.0,78392.0
85.45,85.4295436636,378.0,78403.0
85.5,85.4797969564,380.0,78410.0
85.55,85.5302590239,340.0,78418.0
85.6,85.5807722616,344.0,78377.0
85.65,85.631095146,353.0,78341.0
85.7,85.6814732942,374.0,78320.0
85.75,85.7317183998,345.0,78388.0
85.8,85.7818939138,323.0,78388.0
85.85,85.8321246917,327.0,78493.0
85.9,85.8823841249,301.0,78577.0
85.95,85.9324429707,313.0,78581.0
86.0,85.9824383654,329.0,78506.0
86.05,86.0323744026,316.0,78433.0
86.1,86.0823227206,337.0,78399.0
86.15,86.1321727917,311.0,78376.0
86.2,86.1820330969,326.0,78372.0
86.25,86.231635504,280.0,78365.0
86.3,86.2812338174,311.0,78383.0
86.35,86.3306847605,304.0,78461.0
86.4,86.3801807334,339.0,78582.0
86.45,86.4296623786,330.0,78562.0
86.5,86.4798030968,314.0,78550.0
86.55,86.5303081473,303.0,78538.0
86.6,86.5808643681,275.0,78544.0
86.65,86.6311667844,317.0,78509.0
86.7,86.6816247582,291.0,78493.0
86.75,86.7318391616,326.0,78479.0
86.8,86.7820637991,321.0,78456.0
86.85,86.8322863897,276.0,78678.0
86.9,86.8826420231,309.0,78673.0
86.95,86.9326722135,293.0,78670.0
87.0,86.9827638083,307.0,78648.0
87.05,87.0326691433,333.0,78608.0
87.1,87.082664538,285.0,78552.0
87.15,87.1325146091,282.0,78508.0
87.2,87.1824178973,303.0,78438.0
87.25,87.2320591938,272.0,78407.0
87.3,87.2816636476,301.0,78380.0
87.35,87.3311473397,311.0,78642.0
87.4,87.3806617339,289.0,78662.0
87.45,87.4301802217,333.0,78678.0
87.5,87.4804069059,282.0,78652.0
87.55,87.5309835948,287.0,78594.0
87.6,87.5814968326,324.0,78556.0
87.65,87.6318197169,311.0,78503.0
87.7,87.6822613163,294.0,78517.0
87.75,87.7324429707,328.0,78542.0
87.8,87.7826450933,280.0,78521.0
87.85,87.8328103732,300.0,78440.0
87.9,87.883139398,288.0,78398.0
87.95,87.9330979501,305.0,78629.0
88.0,87.9831158597,292.0,78569.0
88.05,88.0330191479,318.0,78531.0
88.1,88.0830022617,289.0,78543.0
88.15,88.1328584733,298.0,78560.0
88.2,88.182669655,290.0,78519.0
88.25,88.2322352195,315.0,78510.0
88.3,88.2818499074,296.0,78511.0
88.35,88.3312988036,314.0,78490.0
88.4,88.3807620276,272.0,78448.0
88.45,88.4302395792,289.0,78493.0
88.5,88.4804662634,315.0,78608.0
88.55,88.5309324245,317.0,78552.0
88.6,88.58145999,331.0,78503.0
88.65,88.6318319978,308.0,78514.0
88.7,88.6822019588,312.0,78474.0
88.75,88.7324225026,286.0,78467.0
88.8,88.782626672,316.0,78439.0
88.85,88.8328594967,336.0,78405.0
88.9,88.8831250704,335.0,78374.0
88.95,88.9331880098,319.0,78375.0
89.0,88.983210013,335.0,78587.0
89.05,89.0331972204,340.0,78545.0
89.1,89.0831537257,360.0,78516.0
89.15,89.1330570139,300.0,78484.0
89.2,89.1828927574,334.0,78444.0
89.25,89.232456275,355.0,78430.0
89.3,89.2820545884,316.0,78440.0
89.35,89.3315362337,359.0,78453.0
89.4,89.380995364,347.0,78396.0
89.45,89.4304708688,358.0,78337.0
89.5,89.4806770849,342.0,78487.0
89.55,89.5311882759,355.0,78563.0
89.6,89.5817281222,323.0,78538.0
89.65,89.6320530533,413.0,78525.0
89.7,89.682480325,342.0,78484.0
89.75,89.7327172434,362.0,78474.0
89.8,89.7829377872,362.0,78417.0
89.85,89.8331133012,335.0,78360.0
89.9,89.8833645472,315.0,78376.0
89.95,89.9333947377,337.0,78332.0
90.0,89.9834269749,338.0,78282.0
90.05,90.0333548248,328.0,78401.0
90.1,90.0833133769,335.0,78557.0
90.15,90.133153214,334.0,78520.0
90.2,90.1830135192,344.0,78524.0
90.25,90.2326282071,319.0,78476.0
90.3,90.2822224269,334.0,78426.0
90.35,90.3316385742,308.0,78362.0
90.4,90.3811099854,329.0,78264.0
90.45,90.4306387072,351.0,78252.0
90.5,90.4808694851,309.0,78241.0
90.55,90.5314093314,317.0,78232.0
90.6,90.5819000542,286.0,78256.0
90.65,90.6322024705,321.0,78515.0
90.7,90.682631789,331.0,78495.0
90.75,90.7328687073,315.0,78429.0
90.8,90.7830708299,294.0,78453.0
90.85,90.8332156417,261.0,78450.0
90.9,90.883518058,312.0,78418.0
90.95,90.9335462016,297.0,78399.0
91.0,90.9836152815,307.0,78358.0
91.05,91.0335431314,281.0,78290.0
91.1,91.0835078239,306.0,78243.0
91.15,91.1333578951,277.0,78176.0
91.2,91.1832059194,278.0,78421.0
91.25,91.2328206073,295.0,78399.0
91.3,91.2824414356,264.0,78415.0
91.35,91.3318555361,322.0,78383.0
91.4,91.3812880579,278.0,78354.0
91.45,91.4307778904,278.0,78243.0
91.5,91.4810352768,274.0,78212.0
91.55,91.5315178124,273.0,78202.0
91.6,91.5820228629,260.0,78157.0
91.65,91.6323150451,303.0,78120.0
91.7,91.6827013806,308.0,78264.0
91.75,91.7329546734,273.0,78332.0
91.8,91.783134281,270.0,78303.0
91.85,91.8333630121,266.0,78308.0
91.9,91.8836183517,279.0,78272.0
91.95,91.9336731039,302.0,78237.0
92.0,91.983750371,295.0,78193.0
92.05,92.0337580465,304.0,78239.0
92.1,92.0836879433,273.0,78262.0
92.15,92.1335564357,285.0,78181.0
92.2,92.1834290217,301.0,78111.0
92.25,92.2330191479,307.0,78099.0
92.3,92.2826031337,290.0,78357.0
92.35,92.3320704512,289.0,78386.0
92.4,92.3815377688,300.0,78347.0
92.45,92.4310091799,299.0,78314.0
92.5,92.4812092557,305.0,78277.0
92.55,92.5317286339,297.0,78299.0
92.6,92.5822418716,305.0,78228.0
92.65,92.6325238198,294.0,78127.0
92.7,92.6829899809,290.0,78090.0
92.75,92.7332146183,333.0,78039.0
92.8,92.78340446,317.0,78100.0
92.85,92.8335717868,339.0,78311.0
92.9,92.8838209859,320.0,78270.0
92.95,92.933845036,334.0,78242.0
93.0,92.9839161626,333.0,78206.0
93.05,93.0338133104,351.0,78220.0
93.1,93.0837923306,346.0,78230.0
93.15,93.1336424017,296.0,78196.0
93.2,93.1835375027,307.0,78174.0
93.25,93.2331624247,361.0,78175.0
93.3,93.2827586913,357.0,78148.0
93.35,93.332180979,334.0,78364.0
93.4,93.3816155476,364.0,78327.0
93.45,93.4311156141,336.0,78300.0
93.5,93.4813689069,365.0,78273.0
93.55,93.5318944255,339.0,78243.0
93.6,93.5823933356,355.0,78227.0
93.65,93.6327448753,397.0,78215.0
93.7,93.6831598661,397.0,78184.0
93.75,93.7333845036,383.0,78139.0
93.8,93.7836173283,370.0,78121.0
93.85,93.8337887487,399.0,78304.0
93.9,93.8840727436,392.0,78263.0
93.95,93.934082466,382.0,78240.0
94.0,93.984149499,392.0,78260.0
94.05,94.0340978171,439.0,78209.0
94.1,94.0840727436,422.0,78151.0
94.15,94.1339371424,407.0,78084.0
94.2,94.183750371,435.0,78059.0
94.25,94.2333241227,398.0,78037.0
94.3,94.2829756532,434.0,78031.0
94.35,94.3324306899,386.0,78019.0
94.4,94.381859118,396.0,78300.0
94.45,94.4313284824,398.0,78249.0
94.5,94.4815326517,389.0,78178.0
94.55,94.5320213278,402.0,78178.0
94.6,94.5825488932,387.0,78121.0
94.65,94.6328472158,376.0,78084.0
94.7,94.6832499258,376.0,78054.0
94.75,94.7334827505,386.0,78029.0
94.8,94.7836664518,396.0,78027.0
94.85,94.8338665275,385.0,78029.0
94.9,94.8840911649,367.0,77980.0
94.95,94.9341090745,383.0,78201.0
95.0,94.9841290309,389.0,78143.0
95.05,95.0341612682,358.0,78141.0
95.1,95.0841750842,361.0,78131.0
95.15,95.1339719382,341.0,78075.0
95.2,95.1838076817,352.0,78063.0
95.25,95.2334039483,347.0,78045.0
95.3,95.2829613255,282.0,78043.0
95.35,95.3324163622,332.0,78041.0
95.4,95.381891867,335.0,78008.0
95.45,95.4314021676,341.0,78137.0
95.5,95.4815694943,297.0,78103.0
95.55,95.5321461832,267.0,78072.0
95.6,95.5826430465,293.0,78050.0
95.65,95.6329147606,292.0,78062.0
95.7,95.6832970024,297.0,78047.0
95.75,95.7335011718,300.0,78033.0
95.8,95.7837462774,290.0,78036.0
95.85,95.8339095105,296.0,78000.0
95.9,95.8842283012,279.0,78053.0
95.95,95.9342400704,285.0,78203.0
96.0,95.9843275716,288.0,78220.0
96.05,96.03428203,287.0,78212.0
96.1,96.0843081269,275.0,78148.0
96.15,96.1341438703,277.0,78103.0
96.2,96.1839570989,275.0,78081.0
96.25,96.2335615527,251.0,78039.0
96.3,96.2831475853,267.0,77998.0
96.35,96.3325842007,278.0,77979.0
96.4,96.3820126288,247.0,78106.0
96.45,96.4315045081,277.0,78169.0
96.5,96.4817516605,260.0,78180.0
96.55,96.5322833195,292.0,78171.0
96.6,96.5827658551,248.0,78157.0
96.65,96.6331030671,270.0,78118.0
96.7,96.6834443728,277.0,77984.0
96.75,96.7336710571,255.0,77979.0
96.8,96.783869086,239.0,77936.0
96.85,96.8340753022,253.0,78009.0
96.9,96.8843122205,255.0,78104.0
96.95,96.9343546918,252.0,78038.0
97.0,96.9843971631,263.0,78066.0
97.05,97.0343782301,271.0,78296.0
97.1,97.084328595,238.0,78283.0
97.15,97.1342155087,272.0,78225.0
97.2,97.1840655798,246.0,78149.0
97.25,97.2335943017,237.0,78085.0
97.3,97.2832110364,268.0,78011.0
97.35,97.3326742603,252.0,78059.0
97.4,97.3821252034,237.0,78076.0
97.45,97.4316191295,228.0,78015.0
97.5,97.4818417201,246.0,77977.0
97.55,97.532342677,210.0,77979.0
97.6,97.5828456807,230.0,78050.0
97.65,97.633148097,250.0,78116.0
97.7,97.6835569474,222.0,78033.0
97.75,97.7337549763,218.0,78061.0
97.8,97.7839570989,209.0,78015.0
97.85,97.8341796895,220.0,78020.0
97.9,97.8844739185,232.0,78036.0
97.95,97.9345204835,230.0,78031.0
98.0,97.9845527207,241.0,78003.0
98.05,98.0345010388,225.0,77970.0
98.1,98.0845046207,229.0,78139.0
98.15,98.1343260365,225.0,78169.0
98.2,98.1841679203,245.0,78149.0
98.25,98.2337662338,244.0,78116.0
98.3,98.283366594,255.0,78130.0
98.35,98.3328093498,239.0,78120.0
98.4,98.3822950887,225.0,78127.0
98.45,98.431872934,230.0,78048.0
98.5,98.4820464012,199.0,78019.0
98.55,98.5325575921,208.0,78003.0
98.6,98.5830953916,240.0,78084.0
98.65,98.6334162292,227.0,78234.0
98.7,98.6838250796,226.0,78220.0
98.75,98.7340046872,211.0,78218.0
98.8,98.7842190906,213.0,78205.0
98.85,98.8343823237,282.0,78152.0
98.9,98.8846990677,218.0,78190.0
98.95,98.9347046964,229.0,78162.0
99.0,98.9847696826,212.0,78093.0
99.05,99.0346934389,220.0,78068.0
99.1,99.0846826932,213.0,78005.0
99.15,99.1345552792,244.0,78084.0
99.2,99.1843930695,214.0,78080.0
99.25,99.2340098042,229.0,78164.0
99.3,99.2836060708,202.0,78110.0
99.35,99.3330488267,232.0,78076.0
99.4,99.3825120506,210.0,78051.0
99.45,99.4319855086,226.0,78082.0
99.5,99.4822162865,224.0,78067.0
99.55,99.5326844944,208.0,78067.0
99.6,99.5832059194,254.0,77986.0
99.65,99.6335288037,234.0,77940.0
99.7,99.6839274201,238.0,77903.0
99.75,99.7341663852,212.0,78091.0
99.8,99.7843132439,248.0,78120.0
99.85,99.834509226,236.0,78106.0
99.9,99.8847829869,236.0,78034.0
99.95,99.9348111306,255.0,77992.0
100.0,99.9848044784,223.0,78019.0
100.05,100.034787592,237.0,77972.0
100.1,100.084746144,229.0,77966.0
100.15,100.134614637,209.0,77925.0
100.2,100.184499504,235.0,77946.0
100.25,100.234075302,210.0,77871.0
100.3,100.28363882,203.0,78125.0
100.35,100.333132746,241.0,78096.0
100.4,100.382626672,234.0,78042.0
100.45,100.432118551,231.0,78056.0
100.5,100.482281784,194.0,78041.0
100.55,100.532801163,207.0,78018.0
100.6,100.583312354,219.0,77984.0
100.65,100.633590208,269.0,77928.0
100.7,100.684048182,219.0,77908.0
100.75,100.734201181,244.0,77881.0
100.8,100.784384882,239.0,78011.0
100.85,100.834580864,239.0,77960.0
100.9,100.884850532,229.0,77962.0
100.95,100.934874582,199.0,77919.0
101.0,100.984892491,225.0,77895.0
101.05,101.034826482,219.0,77967.0
101.1,101.084823923,217.0,78060.0
101.15,101.134651479,226.0,77987.0
101.2,101.184497457,202.0,77963.0
101.25,101.234093723,204.0,77917.0
101.3,101.283687943,249.0,77868.0
101.35,101.333147074,222.0,77830.0
101.4,101.382604157,214.0,77728.0
101.45,101.432120598,219.0,77712.0
101.5,101.482335001,236.0,77720.0
101.55,101.532811397,220.0,77731.0
101.6,101.583285745,235.0,78014.0
101.65,101.633612723,205.0,78037.0
101.7,101.683958122,257.0,77953.0
101.75,101.73413773,243.0,77960.0
101.8,101.784374648,199.0,77952.0
101.85,101.834535835,191.0,77915.0
101.9,101.884795268,227.0,77852.0
101.95,101.934839786,222.0,77889.0
102.0,101.98488021,223.0,77891.0
102.05,102.034873558,221.0,77961.0
102.1,102.084795268,242.0,78064.0
102.15,102.134686275,223.0,78024.0
102.2,102.184505644,231.0,78059.0
102.25,102.234085536,239.0,78066.0
102.3,102.283706365,216.0,78090.0
102.35,102.333161401,257.0,78023.0
102.4,102.382620532,209.0,77999.0
102.45,102.432112411,240.0,77991.0
102.5,102.482328861,202.0,77944.0
102.55,102.53280935,249.0,77862.0
102.6,102.583324634,211.0,78075.0
102.65,102.633579974,222.0,78103.0
102.7,102.683947888,232.0,78059.0
102.75,102.734150011,234.0,78102.0
102.8,102.784337806,227.0,78133.0
102.85,102.834494898,231.0,78039.0
102.9,102.884723629,230.0,78014.0
102.95,102.934790662,249.0,78019.0
103.0,102.984851555,261.0,78002.0
103.05,103.034744609,234.0,78021.0
103.1,103.084721583,228.0,78080.0
103.15,103.134481594,249.0,78082.0
103.2,103.184315291,260.0,78130.0
103.25,103.233934072,257.0,78308.0
103.3,103.283511918,247.0,78227.0
103.35,103.332923971,235.0,78125.0
103.4,103.382370821,273.0,78079.0
103.45,103.431850419,262.0,78111.0
103.5,103.482056635,247.0,78090.0
103.55,103.532551452,250.0,78106.0
103.6,103.583023753,273.0,78022.0
103.65,103.633268859,244.0,77992.0
103.7,103.68359993,244.0,78009.0
103.75,103.733783632,254.0,78001.0
103.8,103.783903882,253.0,78098.0
103.85,103.834022085,237.0,78169.0
103.9,103.884248769,264.0,78125.0
103.95,103.93427896,260.0,78111.0
104.0,103.984249793,250.0,78096.0
104.05,104.034187877,249.0,78086.0
104.1,104.084085025,226.0,78074.0
104.15,104.13385527,255.0,78042.0
104.2,104.18369306,285.0,77990.0
104.25,104.233260672,251.0,77891.0
104.3,104.282793487,229.0,77893.0
104.35,104.332170745,253.0,78054.0
104.4,104.381638062,270.0,78064.0
104.45,104.431181112,261.0,78115.0
104.5,104.481342298,267.0,78059.0
104.55,104.531818694,247.0,78063.0
104.6,104.582221403,257.0,78048.0
104.65,104.632491071,228.0,78022.0
104.7,104.6828815,224.0,77991.0
104.75,104.733026312,246.0,78003.0
104.8,104.783232528,258.0,78145.0
104.85,104.833414182,227.0,78183.0
104.9,104.883685896,247.0,78113.0
104.95,104.933693572,219.0,78071.0
105.0,104.983801541,229.0,78069.0
105.05,105.033723251,252.0,78083.0
105.1,105.083706365,242.0,78058.0
105.15,105.133605559,249.0,78012.0
105.2,105.183469958,222.0,77968.0
105.25,105.233111254,221.0,77935.0
105.3,105.282744364,218.0,77918.0
105.35,105.332236243,214.0,77895.0
105.4,105.381719935,213.0,77967.0
105.45,105.43129164,211.0,77987.0
105.5,105.481645226,217.0,77948.0
105.55,105.532160511,223.0,78135.0
105.6,105.582669655,260.0,78241.0
105.65,105.633082599,225.0,78195.0
105.7,105.683522152,246.0,78122.0
105.75,105.733771351,214.0,78127.0
105.8,105.784036924,206.0,78126.0
105.85,105.834218579,220.0,78052.0
105.9,105.884516902,212.0,78009.0
105.95,105.934547092,225.0,78045.0
106.0,105.984646874,227.0,78061.0
106.05,106.034627941,191.0,78047.0
106.1,106.084668366,211.0,78265.0
106.15,106.134588028,200.0,78210.0
106.2,106.184446287,217.0,78190.0
106.25,106.234085536,208.0,78163.0
106.3,106.283737067,220.0,78143.0
106.35,106.333212572,207.0,78151.0
106.4,106.382686029,202.0,78146.0
106.45,106.432243407,207.0,78099.0
106.5,106.482494653,216.0,78050.0
106.55,106.533040639,190.0,77978.0
106.6,106.583560018,235.0,77972.0
106.65,106.633929979,206.0,77974.0
106.7,106.68431222,206.0,78065.0
106.75,106.734555279,198.0,78146.0
106.8,106.784804478,198.0,78119.0
106.85,106.834986133,196.0,78101.0
106.9,106.885282409,195.0,78059.0
106.95,106.935310552,219.0,78037.0
107.0,106.985367351,205.0,78054.0
107.05,107.035319763,191.0,78174.0
107.1,107.08530083,204.0,78195.0
107.15,107.135200025,225.0,78202.0
107.2,107.185005066,192.0,78145.0
107.25,107.234591098,198.0,78095.0
107.3,107.284244676,176.0,78072.0
107.35,107.3337079,211.0,78088.0
107.4,107.383179311,216.0,78039.0
107.45,107.432663003,207.0,77988.0
107.5,107.482891734,218.0,77982.0
107.55,107.533372223,198.0,78193.0
107.6,107.583920256,214.0,78151.0
107.65,107.634218579,206.0,78135.0
107.7,107.684578306,197.0,78107.0
107.75,107.734807037,202.0,78044.0
107.8,107.784982551,198.0,78009.0
107.85,107.83523175,195.0,77996.0
107.9,107.885474809,189.0,78021.0
107.95,107.935504999,203.0,77926.0
108.0,107.985516768,189.0,77826.0
108.05,108.035524444,240.0,77908.0
108.1,108.085515745,187.0,78062.0
108.15,108.135298271,179.0,78082.0
108.2,108.185144249,196.0,78059.0
108.25,108.23475075,188.0,77964.0
108.3,108.284326548,174.0,77936.0
108.35,108.333773398,192.0,77934.0
108.4,108.383238668,202.0,77893.0
108.45,108.43271622,217.0,77835.0
108.5,108.482889687,205.0,77881.0
108.55,108.533439767,191.0,77912.0
108.6,108.583989848,204.0,78161.0
108.65,108.634259515,222.0,78118.0
108.7,108.684664272,193.0,78136.0
108.75,108.734852067,195.0,78095.0
108.8,108.785109453,212.0,78068.0
108.85,108.835289061,205.0,78032.0
108.9,108.885595571,177.0,77997.0
108.95,108.935605293,221.0,78014.0
109.0,108.985688701,194.0,78008.0
109.05,109.035624738,208.0,78010.0
109.1,109.085607852,207.0,78163.0
109.15,109.135423127,198.0,78252.0
109.2,109.185232262,219.0,78213.0
109.25,109.234834669,207.0,78155.0
109.3,109.284428889,206.0,78114.0
109.35,109.3339003,189.0,78060.0
109.4,109.383328728,202.0,78057.0
109.45,109.432802186,213.0,78011.0
109.5,109.483057526,198.0,77977.0
109.55,109.533554389,195.0,77900.0
109.6,109.584034878,213.0,77966.0
109.65,109.634318873,193.0,78034.0
109.7,109.684666319,177.0,77905.0
109.75,109.734870488,190.0,77904.0
109.8,109.785076704,172.0,77868.0
109.85,109.835307482,198.0,77851.0
109.9,109.885560775,212.0,77792.0
109.95,109.935601199,194.0,77777.0
110.0,109.985635484,205.0,77730.0
110.05,110.035643159,175.0,77684.0
110.1,110.085536213,191.0,77731.0
110.15,110.135388331,197.0,77891.0
110.2,110.185236355,211.0,77827.0
110.25,110.234797826,187.0,77806.0
110.3,110.284410467,171.0,77795.0
110.35,110.333865504,199.0,77742.0
110.4,110.383304166,196.0,77687.0
110.45,110.432824701,187.0,77641.0
110.5,110.483051385,200.0,77603.0
110.55,110.533535968,187.0,77509.0
110.6,110.584049205,178.0,77465.0
110.65,110.634325013,174.0,77481.0
110.7,110.684754332,178.0,77569.0
110.75,110.73494008,162.0,77762.0
110.8,110.785170858,205.0,77681.0
110.85,110.835383214,173.0,77670.0
110.9,110.88563446,184.0,77658.0
110.95,110.935648276,197.0,77628.0
111.0,110.985707122,171.0,77661.0
111.05,111.035643159,185.0,77667.0
111.1,111.085648788,173.0,77682.0
111.15,111.135447689,192.0,77639.0
111.2,111.185289573,199.0,77595.0
111.25,111.234873558,190.0,77699.0
111.3,111.284459591,190.0,77803.0
111.35,111.333879832,165.0,77787.0
111.4,111.383349196,163.0,77738.0
111.45,111.432914761,187.0,77676.0
111.5,111.483153726,178.0,77664.0
111.55,111.533626027,181.0,77609.0
111.6,111.584098329,192.0,77558.0
111.65,111.63441712,180.0,77527.0
111.7,111.684764566,180.0,77480.0
111.75,111.734987156,169.0,77548.0
111.8,111.785217934,184.0,77738.0
111.85,111.835360699,177.0,77761.0
111.9,111.885677443,199.0,77781.0
111.95,111.9356974,175.0,77718.0
112.0,111.985750105,218.0,77646.0
112.05,112.035690236,190.0,77632.0
112.1,112.085683584,202.0,77589.0
112.15,112.135533655,186.0,77618.0
112.2,112.185373492,209.0,77622.0
112.25,112.234937009,195.0,77622.0
112.3,112.284533276,173.0,77659.0
112.35,112.333994453,203.0,77768.0
112.4,112.383463818,181.0,77792.0
112.45,112.432941369,193.0,77797.0
112.5,112.483123024,210.0,77748.0
112.55,112.533615793,196.0,77720.0
112.6,112.584174061,197.0,77681.0
112.65,112.63442326,204.0,77636.0
112.7,112.684768659,207.0,77604.0
112.75,112.734981016,203.0,77617.0
112.8,112.78515653,182.0,77654.0
112.85,112.835377074,188.0,77919.0
112.9,112.885652881,211.0,77920.0
112.95,112.935699446,183.0,77804.0
113.0,112.98572145,201.0,77743.0
113.05,113.035688189,223.0,77711.0
113.1,113.085687677,191.0,77752.0
113.15,113.135513187,185.0,77645.0
113.2,113.1854001,197.0,77690.0
113.25,113.23499432,218.0,77642.0
113.3,113.284529182,205.0,77497.0
113.35,113.333965798,184.0,77390.0
113.4,113.383461771,206.0,77627.0
113.45,113.432955697,190.0,77692.0
113.5,113.48316396,209.0,77666.0
113.55,113.533703806,211.0,77638.0
113.6,113.584217044,222.0,77638.0
113.65,113.634486711,217.0,77669.0
113.7,113.684895561,215.0,77611.0
113.75,113.735040373,226.0,77636.0
113.8,113.785260917,201.0,77634.0
113.85,113.835428244,205.0,77599.0
113.9,113.885755222,198.0,77658.0
113.95,113.935758804,201.0,77784.0
114.0,113.985856539,200.0,77857.0
114.05,114.035790529,210.0,77797.0
114.1,114.085790018,223.0,77806.0
114.15,114.135691259,207.0,77632.0
114.2,114.185488113,210.0,77489.0
114.25,114.235094614,225.0,77520.0
114.3,114.284707255,207.0,77539.0
114.35,114.334156151,190.0,77500.0
114.4,114.383588673,201.0,77446.0
114.45,114.433055991,234.0,77411.0
114.5,114.483303143,199.0,77665.0
114.55,114.533720181,214.0,77757.0
114.6,114.584268214,194.0,77754.0
114.65,114.634576771,199.0,77626.0
114.7,114.684893515,204.0,77566.0
114.75,114.735099731,188.0,77519.0
114.8,114.785279338,198.0,77504.0
114.85,114.835516257,181.0,77463.0
114.9,114.88576955,206.0,77476.0
114.95,114.935869332,181.0,77475.0
115.0,114.985887241,173.0,77395.0
115.05,115.035903104,176.0,77672.0
115.1,115.085839141,196.0,77604.0
115.15,115.13570354,170.0,77607.0
115.2,115.185557705,174.0,77620.0
115.25,115.235119176,201.0,77613.0
115.3,115.284711349,196.0,77535.0
115.35,115.334156151,193.0,77471.0
115.4,115.38364189,179.0,77449.0
115.45,115.433150144,193.0,77484.0
115.5,115.483329751,179.0,77473.0
115.55,115.533818427,191.0,77475.0
115.6,115.584345993,191.0,77672.0
115.65,115.634576771,184.0,77623.0
115.7,115.684969247,196.0,77600.0
115.75,115.735161135,191.0,77636.0
115.8,115.785402147,172.0,77593.0
115.85,115.835585848,184.0,77511.0
115.9,115.88586575,149.0,77469.0
115.95,115.935916408,188.0,77425.0
116.0,115.98601619,162.0,77407.0
116.05,116.035933806,169.0,77391.0
116.1,116.085933294,166.0,77554.0
116.15,116.135736289,159.0,77678.0
116.2,116.185598641,191.0,77668.0
116.25,116.235262452,165.0,77666.0
116.3,116.284854625,162.0,77637.0
116.35,116.334281007,194.0,77596.0
116.4,116.383719669,158.0,77551.0
116.45,116.433289327,186.0,77555.0
116.5,116.483507824,179.0,77575.0
116.55,116.534051764,164.0,77550.0
116.6,116.584497457,173.0,77492.0
116.65,116.634793733,164.0,77431.0
116.7,116.685171881,154.0,77727.0
116.75,116.735384238,169.0,77741.0
116.8,116.785604781,199.0,77751.0
116.85,116.835765968,178.0,77743.0
116.9,116.88605815,176.0,77729.0
116.95,116.936080153,191.0,77688.0
117.0,116.986167654,160.0,77643.0
117.05,117.036120066,140.0,77698.0
117.1,117.086107273,170.0,77715.0
117.15,117.13594711,185.0,77655.0
117.2,117.185760339,162.0,77630.0
117.25,117.23537912,159.0,77789.0
117.3,117.284991762,160.0,77742.0
117.35,117.334414049,164.0,77779.0
117.4,117.38388546,154.0,77718.0
117.45,117.433356872,175.0,77712.0
117.5,117.483612211,146.0,77650.0
117.55,117.534072232,186.0,77581.0
117.6,117.584577282,161.0,77575.0
117.65,117.634797826,186.0,77522.0
117.7,117.685212817,190.0,77464.0
117.75,117.735412893,168.0,77562.0
117.8,117.785604781,164.0,77668.0
117.85,117.835800763,161.0,77674.0
117.9,117.886023354,158.0,77639.0
117.95,117.936102668,176.0,77616.0
118.0,117.986169701,151.0,77560.0
118.05,118.036146674,195.0,77557.0
118.1,118.086131835,180.0,77536.0
118.15,118.135961438,169.0,77432.0
118.2,118.185854492,178.0,77330.0
118.25,118.235456899,164.0,77383.0
118.3,118.285028604,191.0,77502.0
118.35,118.334469313,178.0,77505.0
118.4,118.383914116,174.0,77480.0
118.45,118.433430557,175.0,77455.0
118.5,118.483626539,193.0,77355.0
118.55,118.534141824,201.0,77346.0
118.6,118.584620265,179.0,77285.0
118.65,118.634896073,163.0,77293.0
118.7,118.685286502,166.0,77238.0
118.75,118.73545997,169.0,77475.0
118.8,118.785719403,180.0,77527.0
118.85,118.835872402,202.0,77483.0
118.9,118.88615435,169.0,77457.0
118.95,118.93617226,169.0,77404.0
119.0,118.986255667,180.0,77387.0
119.05,119.036185564,185.0,77394.0
119.1,119.086219848,176.0,77387.0
119.15,119.136080153,193.0,77361.0
119.2,119.185899522,203.0,77318.0
119.25,119.235522397,166.0,77257.0
119.3,119.285180068,158.0,77502.0
119.35,119.334620777,185.0,77521.0
119.4,119.384061486,191.0,77517.0
119.45,119.433553365,186.0,77488.0
119.5,119.483761628,184.0,77387.0
119.55,119.534252351,177.0,77329.0
119.6,119.584755355,156.0,77335.0
119.65,119.635037303,179.0,77325.0
119.7,119.685372468,188.0,77352.0
119.75,119.735640089,182.0,77478.0
119.8,119.785831977,162.0,77561.0
119.85,119.836032053,171.0,77506.0
119.9,119.886297627,159.0,77498.0
119.95,119.936360566,165.0,77473.0
120.0,119.986407131,148.0,77373.0
